{"Message": "Given data follows Benford's law", "Distribution": {"1": 0.30640083945435465, "2": 0.24204267226302903, "3": 0.16474291710388247, "4": 0.10073452256033578, "5": 0.0528156698146205, "9": 0.033927946834557535, "7": 0.033927946834557535, "6": 0.03322840153899965, "8": 0.03217908359566282}}