{"Message": "Given data follows Benford's law", "Distribution": {"1": 0.39794419970631423, "2": 0.19676945668135096, "3": 0.12555066079295155, "4": 0.07856093979441997, "5": 0.0631424375917768, "6": 0.04919236417033774, "7": 0.03450807635829662, "8": 0.032305433186490456, "9": 0.022026431718061675}}