{"Message": "Given data follows Benford's law", "Distribution": {"1": 0.30443044304430444, "2": 0.17231723172317231, "3": 0.11971197119711971, "4": 0.10221022102210221, "5": 0.0772077207720772, "6": 0.06780678067806781, "7": 0.057805780578057804, "8": 0.052405240524052404, "9": 0.0461046104610461}}