{"Message": "Given data doesn't follow Benford's law", "Distribution": {"9": 0.11506666666666666, "3": 0.11373333333333334, "6": 0.113, "2": 0.11293333333333333, "5": 0.11226666666666667, "7": 0.11026666666666667, "1": 0.10873333333333333, "8": 0.1076, "4": 0.1064}}