{"Message": "Given data follows Benford's law", "Distribution": {"1": 0.28473881870945716, "2": 0.18333902355752818, "3": 0.12154318880163878, "4": 0.09047456469784909, "5": 0.08091498805052919, "6": 0.06794127688630933, "7": 0.06247866165926937, "8": 0.05804028678729942, "9": 0.0505291908501195}}